product_id,product_name,location,timestamp,predicted_demand,suggested_stock,order_recommendation,reorder_point,EOQ
101,Milk,Store A,2024-07-03 00:00:00,10.44,13,ORDER,1457,1709
101,Milk,Store A,2024-07-03 01:00:00,13.44,17,ORDER,1457,1709
101,Milk,Store A,2024-07-03 02:00:00,12.94,16,ORDER,1457,1709
101,Milk,Store A,2024-07-03 03:00:00,13.94,17,ORDER,1457,1709
101,Milk,Store A,2024-07-03 04:00:00,8.94,11,ORDER,1457,1709
101,Milk,Store A,2024-07-03 05:00:00,12.94,16,ORDER,1457,1709
101,Milk,Store A,2024-07-03 06:00:00,12.44,15,ORDER,1457,1709
101,Milk,Store A,2024-07-03 07:00:00,12.94,16,ORDER,1457,1709
101,Milk,Store A,2024-07-03 08:00:00,12.94,16,ORDER,1457,1709
101,Milk,Store A,2024-07-03 09:00:00,13.94,17,ORDER,1457,1709
101,Milk,Store A,2024-07-03 10:00:00,8.44,11,ORDER,1457,1709
101,Milk,Store A,2024-07-03 11:00:00,13.44,17,ORDER,1457,1709
101,Milk,Store A,2024-07-03 12:00:00,18.44,23,ORDER,1457,1709
101,Milk,Store A,2024-07-03 13:00:00,12.44,15,ORDER,1457,1709
101,Milk,Store A,2024-07-03 14:00:00,12.44,15,ORDER,1457,1709
101,Milk,Store A,2024-07-03 15:00:00,15.44,19,ORDER,1457,1709
101,Milk,Store A,2024-07-03 16:00:00,13.44,17,ORDER,1457,1709
101,Milk,Store A,2024-07-03 17:00:00,12.44,15,ORDER,1457,1709
101,Milk,Store A,2024-07-03 18:00:00,8.94,11,ORDER,1457,1709
101,Milk,Store A,2024-07-03 19:00:00,11.44,14,ORDER,1457,1709
101,Milk,Store A,2024-07-03 20:00:00,14.94,18,ORDER,1457,1709
101,Milk,Store A,2024-07-03 21:00:00,13.94,17,ORDER,1457,1709
101,Milk,Store A,2024-07-03 22:00:00,15.44,19,ORDER,1457,1709
101,Milk,Store A,2024-07-03 23:00:00,9.94,12,ORDER,1457,1709
101,Milk,Store B,2024-07-03 00:00:00,3.56,5,ORDER,475,1499
101,Milk,Store B,2024-07-03 01:00:00,5.56,7,ORDER,475,1499
101,Milk,Store B,2024-07-03 02:00:00,6.56,8,ORDER,475,1499
101,Milk,Store B,2024-07-03 03:00:00,7.56,10,ORDER,475,1499
101,Milk,Store B,2024-07-03 04:00:00,27.56,34,ORDER,475,1499
101,Milk,Store B,2024-07-03 05:00:00,6.06,8,ORDER,475,1499
101,Milk,Store B,2024-07-03 06:00:00,7.06,9,ORDER,475,1499
101,Milk,Store B,2024-07-03 07:00:00,5.06,7,ORDER,475,1499
101,Milk,Store B,2024-07-03 08:00:00,6.56,8,ORDER,475,1499
101,Milk,Store B,2024-07-03 09:00:00,8.56,11,ORDER,475,1499
101,Milk,Store B,2024-07-03 10:00:00,7.06,9,ORDER,475,1499
101,Milk,Store B,2024-07-03 11:00:00,5.06,7,ORDER,475,1499
101,Milk,Store B,2024-07-03 12:00:00,6.06,8,ORDER,475,1499
101,Milk,Store B,2024-07-03 13:00:00,9.56,12,ORDER,475,1499
101,Milk,Store B,2024-07-03 14:00:00,6.06,8,ORDER,475,1499
101,Milk,Store B,2024-07-03 15:00:00,6.06,8,ORDER,475,1499
101,Milk,Store B,2024-07-03 16:00:00,6.56,8,ORDER,475,1499
101,Milk,Store B,2024-07-03 17:00:00,4.06,5,ORDER,475,1499
101,Milk,Store B,2024-07-03 18:00:00,12.06,15,ORDER,475,1499
101,Milk,Store B,2024-07-03 19:00:00,8.56,11,ORDER,475,1499
101,Milk,Store B,2024-07-03 20:00:00,7.56,10,ORDER,475,1499
101,Milk,Store B,2024-07-03 21:00:00,6.56,8,ORDER,475,1499
101,Milk,Store B,2024-07-03 22:00:00,10.06,13,ORDER,475,1499
101,Milk,Store B,2024-07-03 23:00:00,4.56,6,ORDER,475,1499
102,Bread,Store A,2024-07-03 00:00:00,10.94,14,ORDER,865,1649
102,Bread,Store A,2024-07-03 01:00:00,12.94,16,ORDER,865,1649
102,Bread,Store A,2024-07-03 02:00:00,10.94,14,ORDER,865,1649
102,Bread,Store A,2024-07-03 03:00:00,11.94,15,ORDER,865,1649
102,Bread,Store A,2024-07-03 04:00:00,11.94,15,ORDER,865,1649
102,Bread,Store A,2024-07-03 05:00:00,8.44,11,ORDER,865,1649
102,Bread,Store A,2024-07-03 06:00:00,10.44,13,ORDER,865,1649
102,Bread,Store A,2024-07-03 07:00:00,15.44,19,ORDER,865,1649
102,Bread,Store A,2024-07-03 08:00:00,11.94,15,ORDER,865,1649
102,Bread,Store A,2024-07-03 09:00:00,8.94,11,ORDER,865,1649
102,Bread,Store A,2024-07-03 10:00:00,14.44,18,ORDER,865,1649
102,Bread,Store A,2024-07-03 11:00:00,11.44,14,ORDER,865,1649
102,Bread,Store A,2024-07-03 12:00:00,14.44,18,ORDER,865,1649
102,Bread,Store A,2024-07-03 13:00:00,10.94,14,ORDER,865,1649
102,Bread,Store A,2024-07-03 14:00:00,7.94,10,ORDER,865,1649
102,Bread,Store A,2024-07-03 15:00:00,12.44,15,ORDER,865,1649
102,Bread,Store A,2024-07-03 16:00:00,13.94,17,ORDER,865,1649
102,Bread,Store A,2024-07-03 17:00:00,13.94,17,ORDER,865,1649
102,Bread,Store A,2024-07-03 18:00:00,12.94,16,ORDER,865,1649
102,Bread,Store A,2024-07-03 19:00:00,11.44,14,ORDER,865,1649
102,Bread,Store A,2024-07-03 20:00:00,10.44,13,ORDER,865,1649
102,Bread,Store A,2024-07-03 21:00:00,36.94,45,ORDER,865,1649
102,Bread,Store A,2024-07-03 22:00:00,14.94,18,ORDER,865,1649
102,Bread,Store A,2024-07-03 23:00:00,13.94,17,ORDER,865,1649
102,Bread,Store B,2024-07-03 00:00:00,8.44,11,ORDER,1480,1801
102,Bread,Store B,2024-07-03 01:00:00,5.94,8,ORDER,1480,1801
102,Bread,Store B,2024-07-03 02:00:00,10.44,13,ORDER,1480,1801
102,Bread,Store B,2024-07-03 03:00:00,7.94,10,ORDER,1480,1801
102,Bread,Store B,2024-07-03 04:00:00,6.94,9,ORDER,1480,1801
102,Bread,Store B,2024-07-03 05:00:00,5.94,8,ORDER,1480,1801
102,Bread,Store B,2024-07-03 06:00:00,9.44,12,ORDER,1480,1801
102,Bread,Store B,2024-07-03 07:00:00,10.44,13,ORDER,1480,1801
102,Bread,Store B,2024-07-03 08:00:00,9.44,12,ORDER,1480,1801
102,Bread,Store B,2024-07-03 09:00:00,8.44,11,ORDER,1480,1801
102,Bread,Store B,2024-07-03 10:00:00,7.94,10,ORDER,1480,1801
102,Bread,Store B,2024-07-03 11:00:00,36.44,44,ORDER,1480,1801
102,Bread,Store B,2024-07-03 12:00:00,3.94,5,ORDER,1480,1801
102,Bread,Store B,2024-07-03 13:00:00,7.44,9,ORDER,1480,1801
102,Bread,Store B,2024-07-03 14:00:00,2.94,4,ORDER,1480,1801
102,Bread,Store B,2024-07-03 15:00:00,7.44,9,ORDER,1480,1801
102,Bread,Store B,2024-07-03 16:00:00,7.44,9,ORDER,1480,1801
102,Bread,Store B,2024-07-03 17:00:00,4.94,6,ORDER,1480,1801
102,Bread,Store B,2024-07-03 18:00:00,3.44,5,ORDER,1480,1801
102,Bread,Store B,2024-07-03 19:00:00,7.44,9,ORDER,1480,1801
102,Bread,Store B,2024-07-03 20:00:00,6.94,9,ORDER,1480,1801
102,Bread,Store B,2024-07-03 21:00:00,5.44,7,ORDER,1480,1801
102,Bread,Store B,2024-07-03 22:00:00,6.44,8,ORDER,1480,1801
102,Bread,Store B,2024-07-03 23:00:00,5.44,7,ORDER,1480,1801
103,Eggs,Store A,2024-07-03 00:00:00,6.25,8,ORDER,1213,2017
103,Eggs,Store A,2024-07-03 01:00:00,7.75,10,ORDER,1213,2017
103,Eggs,Store A,2024-07-03 02:00:00,8.25,10,ORDER,1213,2017
103,Eggs,Store A,2024-07-03 03:00:00,9.75,12,ORDER,1213,2017
103,Eggs,Store A,2024-07-03 04:00:00,5.25,7,ORDER,1213,2017
103,Eggs,Store A,2024-07-03 05:00:00,10.25,13,ORDER,1213,2017
103,Eggs,Store A,2024-07-03 06:00:00,7.75,10,ORDER,1213,2017
103,Eggs,Store A,2024-07-03 07:00:00,9.25,12,ORDER,1213,2017
103,Eggs,Store A,2024-07-03 08:00:00,8.75,11,ORDER,1213,2017
103,Eggs,Store A,2024-07-03 09:00:00,7.75,10,ORDER,1213,2017
103,Eggs,Store A,2024-07-03 10:00:00,7.25,9,ORDER,1213,2017
103,Eggs,Store A,2024-07-03 11:00:00,7.75,10,ORDER,1213,2017
103,Eggs,Store A,2024-07-03 12:00:00,8.75,11,ORDER,1213,2017
103,Eggs,Store A,2024-07-03 13:00:00,36.25,44,ORDER,1213,2017
103,Eggs,Store A,2024-07-03 14:00:00,13.25,16,ORDER,1213,2017
103,Eggs,Store A,2024-07-03 15:00:00,7.25,9,ORDER,1213,2017
103,Eggs,Store A,2024-07-03 16:00:00,4.75,6,ORDER,1213,2017
103,Eggs,Store A,2024-07-03 17:00:00,9.25,12,ORDER,1213,2017
103,Eggs,Store A,2024-07-03 18:00:00,8.25,10,ORDER,1213,2017
103,Eggs,Store A,2024-07-03 19:00:00,10.25,13,ORDER,1213,2017
103,Eggs,Store A,2024-07-03 20:00:00,9.75,12,ORDER,1213,2017
103,Eggs,Store A,2024-07-03 21:00:00,2.75,4,ORDER,1213,2017
103,Eggs,Store A,2024-07-03 22:00:00,60.25,73,ORDER,1213,2017
103,Eggs,Store A,2024-07-03 23:00:00,7.25,9,ORDER,1213,2017
103,Eggs,Store B,2024-07-03 00:00:00,6.56,8,ORDER,1000,1221
103,Eggs,Store B,2024-07-03 01:00:00,3.56,5,ORDER,1000,1221
103,Eggs,Store B,2024-07-03 02:00:00,5.56,7,ORDER,1000,1221
103,Eggs,Store B,2024-07-03 03:00:00,0.56,1,ORDER,1000,1221
103,Eggs,Store B,2024-07-03 04:00:00,5.06,7,ORDER,1000,1221
103,Eggs,Store B,2024-07-03 05:00:00,-2.94,-3,ORDER,1000,1221
103,Eggs,Store B,2024-07-03 06:00:00,6.06,8,ORDER,1000,1221
103,Eggs,Store B,2024-07-03 07:00:00,4.06,5,ORDER,1000,1221
103,Eggs,Store B,2024-07-03 08:00:00,3.06,4,ORDER,1000,1221
103,Eggs,Store B,2024-07-03 09:00:00,1.06,2,ORDER,1000,1221
103,Eggs,Store B,2024-07-03 10:00:00,9.06,11,ORDER,1000,1221
103,Eggs,Store B,2024-07-03 11:00:00,-0.44,0,ORDER,1000,1221
103,Eggs,Store B,2024-07-03 12:00:00,1.06,2,ORDER,1000,1221
103,Eggs,Store B,2024-07-03 13:00:00,35.56,43,ORDER,1000,1221
103,Eggs,Store B,2024-07-03 14:00:00,2.06,3,ORDER,1000,1221
103,Eggs,Store B,2024-07-03 15:00:00,8.06,10,ORDER,1000,1221
103,Eggs,Store B,2024-07-03 16:00:00,1.06,2,ORDER,1000,1221
103,Eggs,Store B,2024-07-03 17:00:00,4.06,5,ORDER,1000,1221
103,Eggs,Store B,2024-07-03 18:00:00,1.56,2,ORDER,1000,1221
103,Eggs,Store B,2024-07-03 19:00:00,2.06,3,ORDER,1000,1221
103,Eggs,Store B,2024-07-03 20:00:00,38.07,46,ORDER,1000,1221
103,Eggs,Store B,2024-07-03 21:00:00,3.06,4,ORDER,1000,1221
103,Eggs,Store B,2024-07-03 22:00:00,4.56,6,ORDER,1000,1221
103,Eggs,Store B,2024-07-03 23:00:00,6.56,8,ORDER,1000,1221
104,Rice,Store A,2024-07-03 00:00:00,7.38,9,ORDER,772,982
104,Rice,Store A,2024-07-03 01:00:00,6.88,9,ORDER,772,982
104,Rice,Store A,2024-07-03 02:00:00,9.87,12,ORDER,772,982
104,Rice,Store A,2024-07-03 03:00:00,11.37,14,ORDER,772,982
104,Rice,Store A,2024-07-03 04:00:00,8.37,11,ORDER,772,982
104,Rice,Store A,2024-07-03 05:00:00,6.87,9,ORDER,772,982
104,Rice,Store A,2024-07-03 06:00:00,10.37,13,ORDER,772,982
104,Rice,Store A,2024-07-03 07:00:00,9.87,12,ORDER,772,982
104,Rice,Store A,2024-07-03 08:00:00,8.37,11,ORDER,772,982
104,Rice,Store A,2024-07-03 09:00:00,6.38,8,ORDER,772,982
104,Rice,Store A,2024-07-03 10:00:00,6.88,9,ORDER,772,982
104,Rice,Store A,2024-07-03 11:00:00,10.38,13,ORDER,772,982
104,Rice,Store A,2024-07-03 12:00:00,9.88,12,ORDER,772,982
104,Rice,Store A,2024-07-03 13:00:00,8.37,11,ORDER,772,982
104,Rice,Store A,2024-07-03 14:00:00,8.37,11,ORDER,772,982
104,Rice,Store A,2024-07-03 15:00:00,6.87,9,ORDER,772,982
104,Rice,Store A,2024-07-03 16:00:00,8.38,11,ORDER,772,982
104,Rice,Store A,2024-07-03 17:00:00,9.87,12,ORDER,772,982
104,Rice,Store A,2024-07-03 18:00:00,8.38,11,ORDER,772,982
104,Rice,Store A,2024-07-03 19:00:00,10.87,14,ORDER,772,982
104,Rice,Store A,2024-07-03 20:00:00,10.87,14,ORDER,772,982
104,Rice,Store A,2024-07-03 21:00:00,10.88,14,ORDER,772,982
104,Rice,Store A,2024-07-03 22:00:00,8.38,11,ORDER,772,982
104,Rice,Store A,2024-07-03 23:00:00,8.87,11,ORDER,772,982
104,Rice,Store B,2024-07-03 00:00:00,19.19,24,ORDER,1730,1878
104,Rice,Store B,2024-07-03 01:00:00,18.69,23,ORDER,1730,1878
104,Rice,Store B,2024-07-03 02:00:00,16.69,21,ORDER,1730,1878
104,Rice,Store B,2024-07-03 03:00:00,20.69,25,ORDER,1730,1878
104,Rice,Store B,2024-07-03 04:00:00,44.19,54,ORDER,1730,1878
104,Rice,Store B,2024-07-03 05:00:00,23.19,28,ORDER,1730,1878
104,Rice,Store B,2024-07-03 06:00:00,19.19,24,ORDER,1730,1878
104,Rice,Store B,2024-07-03 07:00:00,23.69,29,ORDER,1730,1878
104,Rice,Store B,2024-07-03 08:00:00,21.69,27,ORDER,1730,1878
104,Rice,Store B,2024-07-03 09:00:00,21.19,26,ORDER,1730,1878
104,Rice,Store B,2024-07-03 10:00:00,14.19,18,ORDER,1730,1878
104,Rice,Store B,2024-07-03 11:00:00,16.19,20,ORDER,1730,1878
104,Rice,Store B,2024-07-03 12:00:00,23.19,28,ORDER,1730,1878
104,Rice,Store B,2024-07-03 13:00:00,22.69,28,ORDER,1730,1878
104,Rice,Store B,2024-07-03 14:00:00,22.19,27,ORDER,1730,1878
104,Rice,Store B,2024-07-03 15:00:00,23.19,28,ORDER,1730,1878
104,Rice,Store B,2024-07-03 16:00:00,21.19,26,ORDER,1730,1878
104,Rice,Store B,2024-07-03 17:00:00,19.69,24,ORDER,1730,1878
104,Rice,Store B,2024-07-03 18:00:00,19.69,24,ORDER,1730,1878
104,Rice,Store B,2024-07-03 19:00:00,19.69,24,ORDER,1730,1878
104,Rice,Store B,2024-07-03 20:00:00,13.19,16,ORDER,1730,1878
104,Rice,Store B,2024-07-03 21:00:00,17.19,21,ORDER,1730,1878
104,Rice,Store B,2024-07-03 22:00:00,17.69,22,ORDER,1730,1878
104,Rice,Store B,2024-07-03 23:00:00,15.69,19,ORDER,1730,1878
105,Juice,Store A,2024-07-03 00:00:00,14.56,18,ORDER,1586,1611
105,Juice,Store A,2024-07-03 01:00:00,15.06,19,ORDER,1586,1611
105,Juice,Store A,2024-07-03 02:00:00,10.56,13,ORDER,1586,1611
105,Juice,Store A,2024-07-03 03:00:00,14.56,18,ORDER,1586,1611
105,Juice,Store A,2024-07-03 04:00:00,11.56,14,ORDER,1586,1611
105,Juice,Store A,2024-07-03 05:00:00,8.06,10,ORDER,1586,1611
105,Juice,Store A,2024-07-03 06:00:00,15.06,19,ORDER,1586,1611
105,Juice,Store A,2024-07-03 07:00:00,16.06,20,ORDER,1586,1611
105,Juice,Store A,2024-07-03 08:00:00,12.56,16,ORDER,1586,1611
105,Juice,Store A,2024-07-03 09:00:00,14.56,18,ORDER,1586,1611
105,Juice,Store A,2024-07-03 10:00:00,17.56,22,ORDER,1586,1611
105,Juice,Store A,2024-07-03 11:00:00,10.56,13,ORDER,1586,1611
105,Juice,Store A,2024-07-03 12:00:00,8.56,11,ORDER,1586,1611
105,Juice,Store A,2024-07-03 13:00:00,12.06,15,ORDER,1586,1611
105,Juice,Store A,2024-07-03 14:00:00,10.06,13,ORDER,1586,1611
105,Juice,Store A,2024-07-03 15:00:00,12.56,16,ORDER,1586,1611
105,Juice,Store A,2024-07-03 16:00:00,11.56,14,ORDER,1586,1611
105,Juice,Store A,2024-07-03 17:00:00,15.56,19,ORDER,1586,1611
105,Juice,Store A,2024-07-03 18:00:00,10.06,13,ORDER,1586,1611
105,Juice,Store A,2024-07-03 19:00:00,13.56,17,ORDER,1586,1611
105,Juice,Store A,2024-07-03 20:00:00,9.06,11,ORDER,1586,1611
105,Juice,Store A,2024-07-03 21:00:00,15.06,19,ORDER,1586,1611
105,Juice,Store A,2024-07-03 22:00:00,11.56,14,ORDER,1586,1611
105,Juice,Store A,2024-07-03 23:00:00,12.56,16,ORDER,1586,1611
105,Juice,Store B,2024-07-03 00:00:00,51.7,63,ORDER,1268,1323
105,Juice,Store B,2024-07-03 01:00:00,15.2,19,ORDER,1268,1323
105,Juice,Store B,2024-07-03 02:00:00,13.69,17,ORDER,1268,1323
105,Juice,Store B,2024-07-03 03:00:00,19.19,24,ORDER,1268,1323
105,Juice,Store B,2024-07-03 04:00:00,11.19,14,ORDER,1268,1323
105,Juice,Store B,2024-07-03 05:00:00,19.19,24,ORDER,1268,1323
105,Juice,Store B,2024-07-03 06:00:00,17.19,21,ORDER,1268,1323
105,Juice,Store B,2024-07-03 07:00:00,18.69,23,ORDER,1268,1323
105,Juice,Store B,2024-07-03 08:00:00,14.69,18,ORDER,1268,1323
105,Juice,Store B,2024-07-03 09:00:00,21.19,26,ORDER,1268,1323
105,Juice,Store B,2024-07-03 10:00:00,18.69,23,ORDER,1268,1323
105,Juice,Store B,2024-07-03 11:00:00,21.19,26,ORDER,1268,1323
105,Juice,Store B,2024-07-03 12:00:00,17.69,22,ORDER,1268,1323
105,Juice,Store B,2024-07-03 13:00:00,20.19,25,ORDER,1268,1323
105,Juice,Store B,2024-07-03 14:00:00,16.69,21,ORDER,1268,1323
105,Juice,Store B,2024-07-03 15:00:00,18.19,22,ORDER,1268,1323
105,Juice,Store B,2024-07-03 16:00:00,18.19,22,ORDER,1268,1323
105,Juice,Store B,2024-07-03 17:00:00,19.19,24,ORDER,1268,1323
105,Juice,Store B,2024-07-03 18:00:00,15.19,19,ORDER,1268,1323
105,Juice,Store B,2024-07-03 19:00:00,19.19,24,ORDER,1268,1323
105,Juice,Store B,2024-07-03 20:00:00,18.69,23,ORDER,1268,1323
105,Juice,Store B,2024-07-03 21:00:00,11.69,15,ORDER,1268,1323
105,Juice,Store B,2024-07-03 22:00:00,14.19,18,ORDER,1268,1323
105,Juice,Store B,2024-07-03 23:00:00,14.19,18,ORDER,1268,1323
106,Butter,Store A,2024-07-03 00:00:00,13.88,17,ORDER,1341,1239
106,Butter,Store A,2024-07-03 01:00:00,7.38,9,ORDER,1341,1239
106,Butter,Store A,2024-07-03 02:00:00,8.38,11,ORDER,1341,1239
106,Butter,Store A,2024-07-03 03:00:00,15.38,19,ORDER,1341,1239
106,Butter,Store A,2024-07-03 04:00:00,13.38,17,ORDER,1341,1239
106,Butter,Store A,2024-07-03 05:00:00,12.38,15,ORDER,1341,1239
106,Butter,Store A,2024-07-03 06:00:00,10.38,13,ORDER,1341,1239
106,Butter,Store A,2024-07-03 07:00:00,12.38,15,ORDER,1341,1239
106,Butter,Store A,2024-07-03 08:00:00,13.88,17,ORDER,1341,1239
106,Butter,Store A,2024-07-03 09:00:00,10.88,14,ORDER,1341,1239
106,Butter,Store A,2024-07-03 10:00:00,6.88,9,ORDER,1341,1239
106,Butter,Store A,2024-07-03 11:00:00,12.88,16,ORDER,1341,1239
106,Butter,Store A,2024-07-03 12:00:00,15.38,19,ORDER,1341,1239
106,Butter,Store A,2024-07-03 13:00:00,9.88,12,ORDER,1341,1239
106,Butter,Store A,2024-07-03 14:00:00,12.37,15,ORDER,1341,1239
106,Butter,Store A,2024-07-03 15:00:00,9.87,12,ORDER,1341,1239
106,Butter,Store A,2024-07-03 16:00:00,16.37,20,ORDER,1341,1239
106,Butter,Store A,2024-07-03 17:00:00,10.37,13,ORDER,1341,1239
106,Butter,Store A,2024-07-03 18:00:00,9.38,12,ORDER,1341,1239
106,Butter,Store A,2024-07-03 19:00:00,9.37,12,ORDER,1341,1239
106,Butter,Store A,2024-07-03 20:00:00,11.88,15,ORDER,1341,1239
106,Butter,Store A,2024-07-03 21:00:00,12.87,16,ORDER,1341,1239
106,Butter,Store A,2024-07-03 22:00:00,11.37,14,ORDER,1341,1239
106,Butter,Store A,2024-07-03 23:00:00,13.88,17,ORDER,1341,1239
106,Butter,Store B,2024-07-03 00:00:00,9.06,11,ORDER,1434,1303
106,Butter,Store B,2024-07-03 01:00:00,9.06,11,ORDER,1434,1303
106,Butter,Store B,2024-07-03 02:00:00,15.06,19,ORDER,1434,1303
106,Butter,Store B,2024-07-03 03:00:00,9.56,12,ORDER,1434,1303
106,Butter,Store B,2024-07-03 04:00:00,12.06,15,ORDER,1434,1303
106,Butter,Store B,2024-07-03 05:00:00,14.06,17,ORDER,1434,1303
106,Butter,Store B,2024-07-03 06:00:00,13.06,16,ORDER,1434,1303
106,Butter,Store B,2024-07-03 07:00:00,16.56,20,ORDER,1434,1303
106,Butter,Store B,2024-07-03 08:00:00,46.56,56,ORDER,1434,1303
106,Butter,Store B,2024-07-03 09:00:00,12.06,15,ORDER,1434,1303
106,Butter,Store B,2024-07-03 10:00:00,15.06,19,ORDER,1434,1303
106,Butter,Store B,2024-07-03 11:00:00,11.06,14,ORDER,1434,1303
106,Butter,Store B,2024-07-03 12:00:00,13.56,17,ORDER,1434,1303
106,Butter,Store B,2024-07-03 13:00:00,14.56,18,ORDER,1434,1303
106,Butter,Store B,2024-07-03 14:00:00,14.56,18,ORDER,1434,1303
106,Butter,Store B,2024-07-03 15:00:00,16.56,20,ORDER,1434,1303
106,Butter,Store B,2024-07-03 16:00:00,12.06,15,ORDER,1434,1303
106,Butter,Store B,2024-07-03 17:00:00,15.56,19,ORDER,1434,1303
106,Butter,Store B,2024-07-03 18:00:00,76.06,92,ORDER,1434,1303
106,Butter,Store B,2024-07-03 19:00:00,13.56,17,ORDER,1434,1303
106,Butter,Store B,2024-07-03 20:00:00,16.06,20,ORDER,1434,1303
106,Butter,Store B,2024-07-03 21:00:00,11.56,14,ORDER,1434,1303
106,Butter,Store B,2024-07-03 22:00:00,15.06,19,ORDER,1434,1303
106,Butter,Store B,2024-07-03 23:00:00,15.56,19,ORDER,1434,1303
107,Apples,Store A,2024-07-03 00:00:00,8.13,10,ORDER,1555,1194
107,Apples,Store A,2024-07-03 01:00:00,5.13,7,ORDER,1555,1194
107,Apples,Store A,2024-07-03 02:00:00,2.63,4,ORDER,1555,1194
107,Apples,Store A,2024-07-03 03:00:00,5.13,7,ORDER,1555,1194
107,Apples,Store A,2024-07-03 04:00:00,43.63,53,ORDER,1555,1194
107,Apples,Store A,2024-07-03 05:00:00,6.13,8,ORDER,1555,1194
107,Apples,Store A,2024-07-03 06:00:00,8.63,11,ORDER,1555,1194
107,Apples,Store A,2024-07-03 07:00:00,4.13,5,ORDER,1555,1194
107,Apples,Store A,2024-07-03 08:00:00,10.63,13,ORDER,1555,1194
107,Apples,Store A,2024-07-03 09:00:00,2.63,4,ORDER,1555,1194
107,Apples,Store A,2024-07-03 10:00:00,6.13,8,ORDER,1555,1194
107,Apples,Store A,2024-07-03 11:00:00,3.13,4,ORDER,1555,1194
107,Apples,Store A,2024-07-03 12:00:00,3.13,4,ORDER,1555,1194
107,Apples,Store A,2024-07-03 13:00:00,5.13,7,ORDER,1555,1194
107,Apples,Store A,2024-07-03 14:00:00,10.63,13,ORDER,1555,1194
107,Apples,Store A,2024-07-03 15:00:00,8.63,11,ORDER,1555,1194
107,Apples,Store A,2024-07-03 16:00:00,7.13,9,ORDER,1555,1194
107,Apples,Store A,2024-07-03 17:00:00,11.13,14,ORDER,1555,1194
107,Apples,Store A,2024-07-03 18:00:00,4.13,5,ORDER,1555,1194
107,Apples,Store A,2024-07-03 19:00:00,9.63,12,ORDER,1555,1194
107,Apples,Store A,2024-07-03 20:00:00,7.13,9,ORDER,1555,1194
107,Apples,Store A,2024-07-03 21:00:00,4.62,6,ORDER,1555,1194
107,Apples,Store A,2024-07-03 22:00:00,7.62,10,ORDER,1555,1194
107,Apples,Store A,2024-07-03 23:00:00,8.12,10,ORDER,1555,1194
107,Apples,Store B,2024-07-03 00:00:00,19.0,23,ORDER,1781,1290
107,Apples,Store B,2024-07-03 01:00:00,13.0,16,ORDER,1781,1290
107,Apples,Store B,2024-07-03 02:00:00,13.0,16,ORDER,1781,1290
107,Apples,Store B,2024-07-03 03:00:00,14.0,17,ORDER,1781,1290
107,Apples,Store B,2024-07-03 04:00:00,14.5,18,ORDER,1781,1290
107,Apples,Store B,2024-07-03 05:00:00,12.0,15,ORDER,1781,1290
107,Apples,Store B,2024-07-03 06:00:00,13.0,16,ORDER,1781,1290
107,Apples,Store B,2024-07-03 07:00:00,22.0,27,ORDER,1781,1290
107,Apples,Store B,2024-07-03 08:00:00,12.5,15,ORDER,1781,1290
107,Apples,Store B,2024-07-03 09:00:00,13.0,16,ORDER,1781,1290
107,Apples,Store B,2024-07-03 10:00:00,13.5,17,ORDER,1781,1290
107,Apples,Store B,2024-07-03 11:00:00,16.0,20,ORDER,1781,1290
107,Apples,Store B,2024-07-03 12:00:00,16.0,20,ORDER,1781,1290
107,Apples,Store B,2024-07-03 13:00:00,17.0,21,ORDER,1781,1290
107,Apples,Store B,2024-07-03 14:00:00,19.5,24,ORDER,1781,1290
107,Apples,Store B,2024-07-03 15:00:00,14.5,18,ORDER,1781,1290
107,Apples,Store B,2024-07-03 16:00:00,11.5,14,ORDER,1781,1290
107,Apples,Store B,2024-07-03 17:00:00,16.0,20,ORDER,1781,1290
107,Apples,Store B,2024-07-03 18:00:00,10.5,13,ORDER,1781,1290
107,Apples,Store B,2024-07-03 19:00:00,13.5,17,ORDER,1781,1290
107,Apples,Store B,2024-07-03 20:00:00,15.0,18,ORDER,1781,1290
107,Apples,Store B,2024-07-03 21:00:00,20.0,24,ORDER,1781,1290
107,Apples,Store B,2024-07-03 22:00:00,17.0,21,ORDER,1781,1290
107,Apples,Store B,2024-07-03 23:00:00,18.0,22,ORDER,1781,1290
108,Soap,Store A,2024-07-03 00:00:00,11.69,15,ORDER,606,1044
108,Soap,Store A,2024-07-03 01:00:00,9.69,12,ORDER,606,1044
108,Soap,Store A,2024-07-03 02:00:00,12.69,16,ORDER,606,1044
108,Soap,Store A,2024-07-03 03:00:00,8.69,11,ORDER,606,1044
108,Soap,Store A,2024-07-03 04:00:00,11.69,15,ORDER,606,1044
108,Soap,Store A,2024-07-03 05:00:00,9.19,12,ORDER,606,1044
108,Soap,Store A,2024-07-03 06:00:00,8.69,11,ORDER,606,1044
108,Soap,Store A,2024-07-03 07:00:00,7.69,10,ORDER,606,1044
108,Soap,Store A,2024-07-03 08:00:00,10.19,13,ORDER,606,1044
108,Soap,Store A,2024-07-03 09:00:00,7.69,10,ORDER,606,1044
108,Soap,Store A,2024-07-03 10:00:00,9.69,12,ORDER,606,1044
108,Soap,Store A,2024-07-03 11:00:00,8.69,11,ORDER,606,1044
108,Soap,Store A,2024-07-03 12:00:00,6.69,9,ORDER,606,1044
108,Soap,Store A,2024-07-03 13:00:00,12.19,15,ORDER,606,1044
108,Soap,Store A,2024-07-03 14:00:00,46.19,56,ORDER,606,1044
108,Soap,Store A,2024-07-03 15:00:00,8.69,11,ORDER,606,1044
108,Soap,Store A,2024-07-03 16:00:00,9.69,12,ORDER,606,1044
108,Soap,Store A,2024-07-03 17:00:00,8.69,11,ORDER,606,1044
108,Soap,Store A,2024-07-03 18:00:00,10.69,13,ORDER,606,1044
108,Soap,Store A,2024-07-03 19:00:00,37.69,46,ORDER,606,1044
108,Soap,Store A,2024-07-03 20:00:00,10.69,13,ORDER,606,1044
108,Soap,Store A,2024-07-03 21:00:00,6.19,8,ORDER,606,1044
108,Soap,Store A,2024-07-03 22:00:00,4.19,6,ORDER,606,1044
108,Soap,Store A,2024-07-03 23:00:00,13.19,16,ORDER,606,1044
108,Soap,Store B,2024-07-03 00:00:00,16.5,20,ORDER,1364,1447
108,Soap,Store B,2024-07-03 01:00:00,17.5,21,ORDER,1364,1447
108,Soap,Store B,2024-07-03 02:00:00,19.0,23,ORDER,1364,1447
108,Soap,Store B,2024-07-03 03:00:00,15.5,19,ORDER,1364,1447
108,Soap,Store B,2024-07-03 04:00:00,15.5,19,ORDER,1364,1447
108,Soap,Store B,2024-07-03 05:00:00,18.5,23,ORDER,1364,1447
108,Soap,Store B,2024-07-03 06:00:00,17.5,21,ORDER,1364,1447
108,Soap,Store B,2024-07-03 07:00:00,20.0,24,ORDER,1364,1447
108,Soap,Store B,2024-07-03 08:00:00,17.0,21,ORDER,1364,1447
108,Soap,Store B,2024-07-03 09:00:00,18.0,22,ORDER,1364,1447
108,Soap,Store B,2024-07-03 10:00:00,15.0,18,ORDER,1364,1447
108,Soap,Store B,2024-07-03 11:00:00,14.0,17,ORDER,1364,1447
108,Soap,Store B,2024-07-03 12:00:00,17.5,22,ORDER,1364,1447
108,Soap,Store B,2024-07-03 13:00:00,14.0,17,ORDER,1364,1447
108,Soap,Store B,2024-07-03 14:00:00,14.5,18,ORDER,1364,1447
108,Soap,Store B,2024-07-03 15:00:00,45.5,55,ORDER,1364,1447
108,Soap,Store B,2024-07-03 16:00:00,18.5,23,ORDER,1364,1447
108,Soap,Store B,2024-07-03 17:00:00,14.0,17,ORDER,1364,1447
108,Soap,Store B,2024-07-03 18:00:00,13.5,17,ORDER,1364,1447
108,Soap,Store B,2024-07-03 19:00:00,17.5,21,ORDER,1364,1447
108,Soap,Store B,2024-07-03 20:00:00,18.0,22,ORDER,1364,1447
108,Soap,Store B,2024-07-03 21:00:00,17.0,21,ORDER,1364,1447
108,Soap,Store B,2024-07-03 22:00:00,17.5,22,ORDER,1364,1447
108,Soap,Store B,2024-07-03 23:00:00,17.5,22,ORDER,1364,1447
109,Shampoo,Store A,2024-07-03 00:00:00,9.99,12,ORDER,1186,1351
109,Shampoo,Store A,2024-07-03 01:00:00,30.59,37,ORDER,1186,1351
109,Shampoo,Store A,2024-07-03 02:00:00,10.72,13,ORDER,1186,1351
109,Shampoo,Store A,2024-07-03 03:00:00,8.85,11,ORDER,1186,1351
109,Shampoo,Store A,2024-07-03 04:00:00,8.5,11,ORDER,1186,1351
109,Shampoo,Store A,2024-07-03 05:00:00,6.66,8,ORDER,1186,1351
109,Shampoo,Store A,2024-07-03 06:00:00,4.34,6,ORDER,1186,1351
109,Shampoo,Store A,2024-07-03 07:00:00,9.53,12,ORDER,1186,1351
109,Shampoo,Store A,2024-07-03 08:00:00,10.73,13,ORDER,1186,1351
109,Shampoo,Store A,2024-07-03 09:00:00,7.95,10,ORDER,1186,1351
109,Shampoo,Store A,2024-07-03 10:00:00,6.68,9,ORDER,1186,1351
109,Shampoo,Store A,2024-07-03 11:00:00,6.93,9,ORDER,1186,1351
109,Shampoo,Store A,2024-07-03 12:00:00,9.19,12,ORDER,1186,1351
109,Shampoo,Store A,2024-07-03 13:00:00,7.46,9,ORDER,1186,1351
109,Shampoo,Store A,2024-07-03 14:00:00,4.24,6,ORDER,1186,1351
109,Shampoo,Store A,2024-07-03 15:00:00,4.54,6,ORDER,1186,1351
109,Shampoo,Store A,2024-07-03 16:00:00,11.86,15,ORDER,1186,1351
109,Shampoo,Store A,2024-07-03 17:00:00,7.68,10,ORDER,1186,1351
109,Shampoo,Store A,2024-07-03 18:00:00,2.02,3,ORDER,1186,1351
109,Shampoo,Store A,2024-07-03 19:00:00,3.88,5,ORDER,1186,1351
109,Shampoo,Store A,2024-07-03 20:00:00,7.24,9,ORDER,1186,1351
109,Shampoo,Store A,2024-07-03 21:00:00,2.63,4,ORDER,1186,1351
109,Shampoo,Store A,2024-07-03 22:00:00,7.02,9,ORDER,1186,1351
109,Shampoo,Store A,2024-07-03 23:00:00,9.93,12,ORDER,1186,1351
109,Shampoo,Store B,2024-07-03 00:00:00,10.81,13,ORDER,570,980
109,Shampoo,Store B,2024-07-03 01:00:00,14.81,18,ORDER,570,980
109,Shampoo,Store B,2024-07-03 02:00:00,10.81,13,ORDER,570,980
109,Shampoo,Store B,2024-07-03 03:00:00,12.31,15,ORDER,570,980
109,Shampoo,Store B,2024-07-03 04:00:00,12.31,15,ORDER,570,980
109,Shampoo,Store B,2024-07-03 05:00:00,10.81,13,ORDER,570,980
109,Shampoo,Store B,2024-07-03 06:00:00,11.81,15,ORDER,570,980
109,Shampoo,Store B,2024-07-03 07:00:00,10.81,13,ORDER,570,980
109,Shampoo,Store B,2024-07-03 08:00:00,13.81,17,ORDER,570,980
109,Shampoo,Store B,2024-07-03 09:00:00,11.81,15,ORDER,570,980
109,Shampoo,Store B,2024-07-03 10:00:00,15.31,19,ORDER,570,980
109,Shampoo,Store B,2024-07-03 11:00:00,13.31,16,ORDER,570,980
109,Shampoo,Store B,2024-07-03 12:00:00,11.31,14,ORDER,570,980
109,Shampoo,Store B,2024-07-03 13:00:00,12.81,16,ORDER,570,980
109,Shampoo,Store B,2024-07-03 14:00:00,8.31,10,ORDER,570,980
109,Shampoo,Store B,2024-07-03 15:00:00,16.31,20,ORDER,570,980
109,Shampoo,Store B,2024-07-03 16:00:00,10.31,13,ORDER,570,980
109,Shampoo,Store B,2024-07-03 17:00:00,10.81,13,ORDER,570,980
109,Shampoo,Store B,2024-07-03 18:00:00,19.31,24,ORDER,570,980
109,Shampoo,Store B,2024-07-03 19:00:00,7.81,10,ORDER,570,980
109,Shampoo,Store B,2024-07-03 20:00:00,9.81,12,ORDER,570,980
109,Shampoo,Store B,2024-07-03 21:00:00,9.81,12,ORDER,570,980
109,Shampoo,Store B,2024-07-03 22:00:00,11.81,15,ORDER,570,980
109,Shampoo,Store B,2024-07-03 23:00:00,10.81,13,ORDER,570,980
110,Toothpaste,Store A,2024-07-03 00:00:00,8.75,11,ORDER,1197,996
110,Toothpaste,Store A,2024-07-03 01:00:00,7.75,10,ORDER,1197,996
110,Toothpaste,Store A,2024-07-03 02:00:00,5.25,7,ORDER,1197,996
110,Toothpaste,Store A,2024-07-03 03:00:00,5.75,7,ORDER,1197,996
110,Toothpaste,Store A,2024-07-03 04:00:00,12.25,15,ORDER,1197,996
110,Toothpaste,Store A,2024-07-03 05:00:00,2.25,3,ORDER,1197,996
110,Toothpaste,Store A,2024-07-03 06:00:00,8.75,11,ORDER,1197,996
110,Toothpaste,Store A,2024-07-03 07:00:00,1.75,3,ORDER,1197,996
110,Toothpaste,Store A,2024-07-03 08:00:00,8.25,10,ORDER,1197,996
110,Toothpaste,Store A,2024-07-03 09:00:00,10.75,13,ORDER,1197,996
110,Toothpaste,Store A,2024-07-03 10:00:00,27.25,33,ORDER,1197,996
110,Toothpaste,Store A,2024-07-03 11:00:00,8.75,11,ORDER,1197,996
110,Toothpaste,Store A,2024-07-03 12:00:00,7.25,9,ORDER,1197,996
110,Toothpaste,Store A,2024-07-03 13:00:00,6.75,9,ORDER,1197,996
110,Toothpaste,Store A,2024-07-03 14:00:00,4.25,6,ORDER,1197,996
110,Toothpaste,Store A,2024-07-03 15:00:00,9.25,12,ORDER,1197,996
110,Toothpaste,Store A,2024-07-03 16:00:00,10.75,13,ORDER,1197,996
110,Toothpaste,Store A,2024-07-03 17:00:00,4.25,6,ORDER,1197,996
110,Toothpaste,Store A,2024-07-03 18:00:00,5.75,7,ORDER,1197,996
110,Toothpaste,Store A,2024-07-03 19:00:00,6.25,8,ORDER,1197,996
110,Toothpaste,Store A,2024-07-03 20:00:00,6.75,9,ORDER,1197,996
110,Toothpaste,Store A,2024-07-03 21:00:00,7.75,10,ORDER,1197,996
110,Toothpaste,Store A,2024-07-03 22:00:00,7.75,10,ORDER,1197,996
110,Toothpaste,Store A,2024-07-03 23:00:00,6.75,9,ORDER,1197,996
110,Toothpaste,Store B,2024-07-03 00:00:00,16.12,20,ORDER,1029,1150
110,Toothpaste,Store B,2024-07-03 01:00:00,16.62,20,ORDER,1029,1150
110,Toothpaste,Store B,2024-07-03 02:00:00,19.62,24,ORDER,1029,1150
110,Toothpaste,Store B,2024-07-03 03:00:00,11.12,14,ORDER,1029,1150
110,Toothpaste,Store B,2024-07-03 04:00:00,16.12,20,ORDER,1029,1150
110,Toothpaste,Store B,2024-07-03 05:00:00,17.62,22,ORDER,1029,1150
110,Toothpaste,Store B,2024-07-03 06:00:00,15.12,19,ORDER,1029,1150
110,Toothpaste,Store B,2024-07-03 07:00:00,16.12,20,ORDER,1029,1150
110,Toothpaste,Store B,2024-07-03 08:00:00,10.62,13,ORDER,1029,1150
110,Toothpaste,Store B,2024-07-03 09:00:00,15.12,19,ORDER,1029,1150
110,Toothpaste,Store B,2024-07-03 10:00:00,15.62,19,ORDER,1029,1150
110,Toothpaste,Store B,2024-07-03 11:00:00,53.62,65,ORDER,1029,1150
110,Toothpaste,Store B,2024-07-03 12:00:00,13.12,16,ORDER,1029,1150
110,Toothpaste,Store B,2024-07-03 13:00:00,13.12,16,ORDER,1029,1150
110,Toothpaste,Store B,2024-07-03 14:00:00,10.62,13,ORDER,1029,1150
110,Toothpaste,Store B,2024-07-03 15:00:00,9.12,11,ORDER,1029,1150
110,Toothpaste,Store B,2024-07-03 16:00:00,16.12,20,ORDER,1029,1150
110,Toothpaste,Store B,2024-07-03 17:00:00,11.62,14,ORDER,1029,1150
110,Toothpaste,Store B,2024-07-03 18:00:00,14.62,18,ORDER,1029,1150
110,Toothpaste,Store B,2024-07-03 19:00:00,18.62,23,ORDER,1029,1150
110,Toothpaste,Store B,2024-07-03 20:00:00,14.62,18,ORDER,1029,1150
110,Toothpaste,Store B,2024-07-03 21:00:00,13.12,16,ORDER,1029,1150
110,Toothpaste,Store B,2024-07-03 22:00:00,14.63,18,ORDER,1029,1150
110,Toothpaste,Store B,2024-07-03 23:00:00,18.13,22,ORDER,1029,1150
